{
  "time" : [0.00],
  "tolerance" : [   1.0000000000E-05],
  "i14905" : [   9.5000006138E-01],
  "i14906" : [   4.9973031111E-02],
  "i14907" : [   2.6907504143E-05],
  "i14908" : [   1.0000000000E+00],
  "i14909" : [   4.9999989999E-02],
  "i14910" : [ 0.00              ],
  "i14911" : [   1.9500000400E+00],
  "i14912" : [   2.0000000300E+00],
  "i14913" : [   9.5000018674E-01],
  "i14914" : [   5.1185903528E-02],
  "i14915" : [   2.6940261125E-02],
  "i14916" : [   1.0281263514E+00],
  "s_for_i1" : [ 0.00              ],
  "st_of_i1" : [   1.0000000000E+00],
  "i14917" : [ 0.00              ],
  "i14918" : [   2.8500001842E+00],
  "s_for_i3" : [ 0.00              ],
  "st_of_i3" : [   2.0000000300E+00],
  "i14919" : [ 0.00              ],
  "i14920" : [   4.9999989999E-02],
  "i14921" : [ 0.00              ],
  "s_for_i2" : [ 0.00              ],
  "st_of_i2" : [   1.0281263514E+00],
  "i14922" : [ 0.00              ],
  "i14923" : [   9.5000018674E-01],
  "i14924" : [   2.5592951764E-02],
  "i14925" : [   8.9800870415E-03],
  "i14926" : [   9.9904128656E-09],
  "i14927" : [   9.9999999001E-01],
  "i14928" : [   9.9999999026E-01],
  "i14929" : [   9.7429441981E-09],
  "i14930" : [   9.9999999050E-01],
  "i14931" : [   9.5041289727E-09],
  "i14932" : [   9.9999999001E-01],
  "i14933" : [   9.9904133715E-09],
  "i14934" : [   9.9999999050E-01],
  "i14935" : [   9.5040504177E-09],
  "i14936" : [   1.4286592401E-08],
  "i14937" : [   9.9999998571E-01],
  "i14938" : [   9.9904115962E-09],
  "i14939" : [   9.9999999001E-01],
  "i14940" : [   9.9999999025E-01],
  "i14941" : [   9.7488289291E-09],
  "i14942" : [   9.9999999041E-01],
  "i14943" : [   9.5892630239E-09],
  "ss_c_c1_t_1" : [ 0.00              ],
  "i14944" : [   9.5000006138E-01],
  "i14945" : [   3.1000000000E+01],
  "i14946" : [   4.9999989999E-02],
  "i14947" : [   5.0000000000E+00],
  "i14948" : [ 0.00              ],
  "i14949" : [ 0.00              ],
  "i14950" : [   9.5000018674E-01],
  "i14951" : [   1.4000000000E+01],
  "i14952" : [   2.5592951764E-02],
  "i14953" : [ 0.00              ],
  "i14954" : [   8.9800870415E-03],
  "i14955" : [ 0.00              ],
  "ss_c_c1_t_2" : [ 0.00              ],
  "i14956" : [   9.5000006138E-01],
  "i14957" : [ 0.00              ],
  "i14958" : [   4.9999989999E-02],
  "i14959" : [ 0.00              ],
  "i14960" : [ 0.00              ],
  "i14961" : [   5.0000000000E+00],
  "i14962" : [   9.5000018674E-01],
  "i14963" : [ 0.00              ],
  "i14964" : [   2.5592951764E-02],
  "i14965" : [   1.4000000000E+01],
  "i14966" : [   8.9800870415E-03],
  "i14967" : [ 0.00              ],
  "ss_c_c1_t_3" : [ 0.00              ],
  "i14968" : [   9.5000006138E-01],
  "i14969" : [   8.0000000000E+00],
  "i14970" : [   4.9999989999E-02],
  "i14971" : [ 0.00              ],
  "i14972" : [ 0.00              ],
  "i14973" : [ 0.00              ],
  "i14974" : [   9.5000018674E-01],
  "i14975" : [ 0.00              ],
  "i14976" : [   2.5592951764E-02],
  "i14977" : [ 0.00              ],
  "i14978" : [   8.9800870415E-03],
  "i14979" : [   1.4000000000E+01],
  "i14980" : [   1.1600001323E+01],
  "i14981" : [   8.0000009125E+00],
  "i14982" : [   1.2450001405E+01],
  "i14983" : [   1.0779647902E+00],
  "i14984" : [   9.6023723409E+00],
  "i14985" : [   9.6279653627E+00],
  "i14986" : [   9.9490049659E-01],
  "i14987" : [   3.8359205937E+00],
  "i14988" : [   3.8449006807E+00],
  "i14989" : [ 0.00              ],
  "i14990" : [ 0.00              ],
  "i14991" : [ 0.00              ],
  "sign2_1.s[1]" : [   1.7929680325E+00],
  "sign2_1.s[2]" : [   1.7648416811E+00],
  "sign2_2.s[1]" : [   1.3756245709E+00],
  "sign2_2.s[2]" : [   2.3320714450E+00],
  "sign2_3.s[1]" : [   2.3190625883E+00],
  "sign2_3.s[2]" : [   1.3190625783E+00],
  "sign2_4.s[1]" : [   2.2843034114E+00],
  "sign2_4.s[2]" : [   1.3343033814E+00],
  "sign2_5.s[1]" : [   1.3764426185E+00],
  "sign2_5.s[2]" : [   2.3483162671E+00],
  "sign2_6.s[1]" : [   9.7991286609E-01],
  "sign2_6.s[2]" : [   2.9363597402E+00],
  "sign2_7.s[1]" : [   1.8248143661E+00],
  "sign2_7.s[2]" : [   1.8248143561E+00],
  "sign2_8.s[1]" : [   1.8011618488E+00],
  "sign2_8.s[2]" : [   1.8511618188E+00],
  "sign2_9.s[1]" : [   9.7507515680E-01],
  "sign2_9.s[2]" : [   2.9469488054E+00],
  "sign2_10.s[1]" : [   5.6072475347E-01],
  "sign2_10.s[2]" : [   3.5171716276E+00],
  "sign2_11.s[1]" : [   1.3475645957E+00],
  "sign2_11.s[2]" : [   2.3475645856E+00],
  "sign2_12.s[1]" : [   1.3347987317E+00],
  "sign2_12.s[2]" : [   2.3847987017E+00],
  "sum_13.x[2]" : [ 0.00              ],
  "sum_17.x[2]" : [ 0.00              ],
  "sum_21.x[2]" : [ 0.00              ],
  "sum_25.x[2]" : [ 0.00              ],
  "sum_29.x[2]" : [ 0.00              ],
  "sum_33.x[2]" : [ 0.00              ],
  "sum_37.x[2]" : [ 0.00              ],
  "sum_41.x[2]" : [ 0.00              ],
  "sum_45.x[2]" : [ 0.00              ],
  "int_i1_t_0" : [   9.5000006138E-01],
  "int_i1_t_1" : [   2.4986515556E-02],
  "int_i1_t_2" : [   8.9691680478E-06],
  "int_i3_t_0" : [   4.9999989999E-02],
  "int_i3_t_1" : [ 0.00              ],
  "int_i3_t_2" : [   6.5000001333E-01],
  "int_i2_t_0" : [   9.5000018674E-01],
  "int_i2_t_1" : [   2.5592951764E-02],
  "int_i2_t_2" : [   8.9800870415E-03],
  "int_v10" : [   9.9902107650E-09],
  "v11" : [   9.9904128711E-09],
  "int_v12" : [   9.9999999944E-01],
  "v13" : [   9.9999999944E-01],
  "int_v14" : [   1.0000000000E+00],
  "v15" : [   1.0000000100E+00],
  "int_v16" : [   9.9999998002E-01],
  "v17" : [   9.9999998002E-01],
  "int_v18" : [   9.9999998028E-01],
  "v19" : [   9.9999998028E-01],
  "int_v20" : [   1.0000000000E+00],
  "v21" : [   1.0000000100E+00],
  "int_v22" : [   9.9999999959E-01],
  "v23" : [   9.9999999959E-01],
  "int_v24" : [   9.7427932992E-09],
  "v25" : [   9.7429442021E-09],
  "int_v26" : [   9.9999999135E-01],
  "v27" : [   9.9999999135E-01],
  "int_v28" : [   9.9999999914E-01],
  "v29" : [   9.9999999914E-01],
  "int_v30" : [   9.9999999974E-01],
  "v31" : [   9.9999999974E-01],
  "int_v32" : [   9.5040285926E-09],
  "v33" : [   9.5041289752E-09],
  "int_v34" : [   9.9999998002E-01],
  "v35" : [   9.9999998002E-01],
  "int_v36" : [   1.0000000000E+00],
  "v37" : [   1.0000000100E+00],
  "int_v38" : [   9.9999999944E-01],
  "v39" : [   9.9999999944E-01],
  "int_v40" : [   9.9902112709E-09],
  "v41" : [   9.9904133770E-09],
  "int_v42" : [   9.9999999525E-01],
  "v43" : [   9.9999999525E-01],
  "int_v44" : [   9.9999999525E-01],
  "v45" : [   9.9999999525E-01],
  "int_v46" : [   9.9999999974E-01],
  "v47" : [   9.9999999974E-01],
  "int_v48" : [   9.5039500231E-09],
  "v49" : [   9.5040504202E-09],
  "int_v50" : [   1.4285639905E-08],
  "v51" : [   1.4286592448E-08],
  "int_v52" : [   9.9999999667E-01],
  "v53" : [   9.9999999667E-01],
  "int_v54" : [   1.0000000000E+00],
  "v55" : [   1.0000000100E+00],
  "int_v56" : [   9.9999997571E-01],
  "v57" : [   9.9999997571E-01],
  "int_v58" : [   9.9902094959E-09],
  "v59" : [   9.9904116018E-09],
  "int_v60" : [   9.9999999944E-01],
  "v61" : [   9.9999999944E-01],
  "int_v62" : [   1.0000000000E+00],
  "v63" : [   1.0000000100E+00],
  "int_v64" : [   9.9999998002E-01],
  "v65" : [   9.9999998002E-01],
  "int_v66" : [   9.9999998027E-01],
  "v67" : [   9.9999998027E-01],
  "int_v68" : [   1.0000000000E+00],
  "v69" : [   1.0000000100E+00],
  "int_v70" : [   9.9999999959E-01],
  "v71" : [   9.9999999959E-01],
  "int_v72" : [   9.7486767966E-09],
  "v73" : [   9.7488289331E-09],
  "int_v74" : [   9.9999998047E-01],
  "v75" : [   9.9999998047E-01],
  "int_v76" : [   1.0000000000E+00],
  "v77" : [   1.0000000099E+00],
  "int_v78" : [   9.9999999969E-01],
  "v79" : [   9.9999999969E-01],
  "int_v80" : [   9.5891445759E-09],
  "v81" : [   9.5892630269E-09],
  "v82" : [   5.7212067171E-01],
  "v83" : [   5.7212067171E-01],
  "v84" : [  -2.8126351396E-02],
  "v85" : [   1.4424134343E-01],
  "v86" : [   3.1233798200E-01],